{
    "faceobj_14": {
        "aes_score": 4.811809062957764
    },
    "humanobj_2": {
        "aes_score": 5.659754276275635
    }
}