{
    "faceobj_14": {
        "motion_fb": 0.35025984048843384,
        "motion_lk": 6.677787793803418
    },
    "singleface_3": {
        "motion_fb": 0.038793787360191345,
        "motion_lk": 0.5988706931089743
    }
}