{
    "faceobj_14": {
        "retrieval_score": 0.01300048828125
    },
    "multiobject_21": {
        "retrieval_score": 0.01030731201171875
    }
}